mode,selector_type,selector,n_folds,mean_return_pct,median_return_pct,min_return_pct,std_return_pct,positive_folds,total_trades,mean_trades,mean_precision,mean_recall,mean_auc,mean_drawdown,worst_drawdown,mean_sharpe_bt,sharpe_fold,psr_gt_0,dsr,auc_pass_rate,robust_score_psr_dsr
threshold_regime_confidence_filtered,threshold,0.5,9.0,-5.906955408117885,-7.921941621879852,-16.045729546520114,8.660994846585433,0.3333333333333333,128.0,14.222222222222221,0.37672902631038163,0.13742847491011814,0.5200495243287728,-12.49360447382545,-19.126775539079908,,-0.6820181183281365,0.035953334359900384,1.5866229840019418e-16,0.5555555555555556,-15.30603398194773
threshold_regime_confidence_filtered,threshold,0.55,9.0,-7.4734051584707215,-9.337761184139538,-17.426133759858214,7.576376432549215,0.2222222222222222,97.0,10.777777777777779,0.3473377000449967,0.11192648558235477,0.5200495243287728,-11.958678976151726,-19.126775539079908,,-0.9864089020661491,0.008112197525572525,5.972620346145511e-17,0.5555555555555556,-17.93224445914676
threshold_regime_confidence_filtered,threshold,0.6000000000000001,9.0,-5.053472824379982,-3.8562560779788897,-12.529252280279376,5.275086478833186,0.2222222222222222,79.0,8.777777777777779,0.31848306583870595,0.09328660994457615,0.5200495243287728,-9.402349652494886,-17.83496882707345,,-0.9579886215434662,0.0035492200506846375,1.3632860638501619e-21,0.5555555555555556,-10.981142668601754
threshold_regime_confidence_filtered,threshold,0.6500000000000001,9.0,-2.880061333557766,-0.5428621532595344,-9.985119661979775,4.922534986439673,0.3333333333333333,61.0,6.777777777777778,0.3891281833446281,0.07154899486201888,0.5200495243287728,-7.309671887069955,-15.445112319199684,,-0.5850768641546683,0.022796226448344885,6.337063583961005e-25,0.5555555555555556,-6.166146952729037
threshold_regime_confidence_filtered,threshold,0.7000000000000002,9.0,-2.156254697226719,0.0,-12.132839575900016,5.351479995829599,0.3333333333333333,45.0,5.0,0.343364493078693,0.05280909420542876,0.5200495243287728,-5.803210284060859,-13.027465237392411,,-0.40292679761618944,0.08378049758613365,2.600413125143126e-22,0.5555555555555556,-5.693106928320189
threshold_regime_confidence_filtered,threshold,0.7500000000000002,9.0,-1.041512969891083,0.0,-11.228676065419982,6.83744446972416,0.2222222222222222,37.0,4.111111111111111,0.3188608351265395,0.04037014626853138,0.5200495243287728,-5.338034095977807,-13.88028801051201,,-0.15232488899951535,0.34095108804707813,2.5624943897944274e-12,0.5555555555555556,-4.43169648313083
threshold_regime_confidence_filtered,threshold,0.8000000000000003,9.0,-2.5003842639552505,0.0,-10.60074317651995,5.0625227702015625,0.1111111111111111,28.0,3.111111111111111,0.17878070231207746,0.028407832910017066,0.5200495243287728,-5.202601976750518,-17.841022444236575,,-0.4939008430090871,0.06474034267228139,2.2733668888810783e-19,0.5555555555555556,-6.064497843068843
threshold_regime_confidence_filtered_auc_gated,threshold,0.5,9.0,-1.9088506838912167,0.0,-16.045729546520114,7.28303689232768,0.3333333333333333,69.0,7.666666666666667,0.2117040511982365,0.07936783371904982,0.5200495243287728,-5.6816846634125655,-17.434480285912322,,-0.2620954297103859,0.18996169280066405,1.608452606271776e-19,0.5555555555555556,-6.69445224133517
threshold_regime_confidence_filtered_auc_gated,threshold,0.55,9.0,-2.919251156557592,0.0,-17.426133759858214,6.9815903240936095,0.2222222222222222,54.0,6.0,0.21498321613992816,0.06342705702987181,0.5200495243287728,-5.966062893636876,-17.976184862457767,,-0.4181355566629565,0.046676171078930885,3.290707036585075e-30,0.5555555555555556,-8.48338539094324
threshold_regime_confidence_filtered_auc_gated,threshold,0.6000000000000001,9.0,-2.101263957526817,0.0,-9.923824370380977,4.183372636786861,0.2222222222222222,45.0,5.0,0.218531686642542,0.04829854747206332,0.5200495243287728,-4.852445726356559,-16.390816860944657,,-0.502289453980065,0.02368947361831327,6.020299095054003e-31,0.5555555555555556,-5.136239817637705
threshold_regime_confidence_filtered_auc_gated,threshold,0.6500000000000001,9.0,-0.6132700405001287,0.0,-9.92727184372004,3.6124855399191973,0.3333333333333333,33.0,3.6666666666666665,0.28457188516071463,0.02840280353224676,0.5200495243287728,-3.7335882555177995,-11.566470599101564,,-0.1697640125401986,0.2716126767588254,1.1397220546779377e-20,0.5555555555555556,-2.7883173662256207
threshold_regime_confidence_filtered_auc_gated,threshold,0.7000000000000002,9.0,-0.5019260185779115,0.0,-12.132839575900016,4.5388545480039335,0.3333333333333333,19.0,2.111111111111111,0.22169363364331918,0.013818155742831253,0.5200495243287728,-2.4687528631338314,-12.45279418512415,,-0.11058429241770815,0.3586291867291488,7.093831937620512e-17,0.5555555555555556,-3.285924509428934
threshold_regime_confidence_filtered_auc_gated,threshold,0.7500000000000002,9.0,0.38487914849088056,0.0,-11.228676065419982,6.034441522354722,0.2222222222222222,13.0,1.4444444444444444,0.25170261836928504,0.006252252029106089,0.5200495243287728,-2.665866956532749,-11.50188236624501,,0.06378040901798242,0.571853360942445,1.2822689883015044e-11,0.5555555555555556,-2.342749082084993
threshold_regime_confidence_filtered_auc_gated,threshold,0.8000000000000003,9.0,-0.9364588405067441,0.0,-10.60074317651995,4.170161437320366,0.1111111111111111,4.0,0.4444444444444444,0.1111111111111111,0.0013751375137513752,0.5200495243287728,-2.090307935669872,-11.48628270351012,,-0.2245617716681222,0.23000488719641382,2.0295102124617633e-18,0.5555555555555556,-3.946952997351773
threshold_regime_filtered,threshold,0.5,9.0,-6.12998979045111,-5.05604122874098,-22.26917088271855,9.82856164359257,0.3333333333333333,137.0,15.222222222222221,0.3751804919564393,0.15754918970830786,0.5200495243287728,-13.383615720672825,-25.450673509933697,,-0.6236914426280645,0.026954338820862248,3.1617039222728644e-21,0.5555555555555556,-15.961868192090988
threshold_regime_filtered,threshold,0.55,9.0,-8.544615881950413,-9.337761184139538,-19.907489495418123,8.75299886575572,0.2222222222222222,99.0,11.0,0.3447749376721291,0.11902829667595638,0.5200495243287728,-12.870544287580264,-23.433213741728785,,-0.9761929611780756,0.005214947182198465,3.0099953376825414e-19,0.5555555555555556,-19.9237442255048
threshold_regime_filtered,threshold,0.6000000000000001,9.0,-5.053472824379982,-3.8562560779788897,-12.529252280279376,5.275086478833186,0.2222222222222222,79.0,8.777777777777779,0.3186159135906014,0.09357671728429183,0.5200495243287728,-9.402349652494886,-17.83496882707345,,-0.9579886215434662,0.0035492200506846375,1.3632860638501619e-21,0.5555555555555556,-10.981142668601754
threshold_regime_filtered,threshold,0.6500000000000001,9.0,-2.880061333557766,-0.5428621532595344,-9.985119661979775,4.922534986439673,0.3333333333333333,61.0,6.777777777777778,0.3891281833446281,0.07154899486201888,0.5200495243287728,-7.309671887069955,-15.445112319199684,,-0.5850768641546683,0.022796226448344885,6.337063583961005e-25,0.5555555555555556,-6.166146952729037
threshold_regime_filtered,threshold,0.7000000000000002,9.0,-2.156254697226719,0.0,-12.132839575900016,5.351479995829599,0.3333333333333333,45.0,5.0,0.343364493078693,0.05280909420542876,0.5200495243287728,-5.803210284060859,-13.027465237392411,,-0.40292679761618944,0.08378049758613365,2.600413125143126e-22,0.5555555555555556,-5.693106928320189
threshold_regime_filtered,threshold,0.7500000000000002,9.0,-1.041512969891083,0.0,-11.228676065419982,6.83744446972416,0.2222222222222222,37.0,4.111111111111111,0.3188608351265395,0.04037014626853138,0.5200495243287728,-5.338034095977807,-13.88028801051201,,-0.15232488899951535,0.34095108804707813,2.5624943897944274e-12,0.5555555555555556,-4.43169648313083
threshold_regime_filtered,threshold,0.8000000000000003,9.0,-2.5003842639552505,0.0,-10.60074317651995,5.0625227702015625,0.1111111111111111,28.0,3.111111111111111,0.17878070231207746,0.028407832910017066,0.5200495243287728,-5.202601976750518,-17.841022444236575,,-0.4939008430090871,0.06474034267228139,2.2733668888810783e-19,0.5555555555555556,-6.064497843068843
threshold_regime_filtered_auc_gated,threshold,0.5,9.0,-2.199294099119874,0.0,-16.045729546520114,7.771828629818647,0.3333333333333333,70.0,7.777777777777778,0.21125420864313077,0.09298169510518843,0.5200495243287728,-6.031890003802981,-19.867039352945127,,-0.2829828350411265,0.16790742483384385,2.393729225228044e-20,0.5555555555555556,-7.15120212687021
threshold_regime_filtered_auc_gated,threshold,0.55,9.0,-3.481945011390787,0.0,-17.426133759858214,7.943460630588024,0.2222222222222222,56.0,6.222222222222222,0.21413962904247108,0.06879009333350217,0.5200495243287728,-6.391947151338591,-20.548149608746826,,-0.4383410673658783,0.03705136946195627,1.6963824568260612e-31,0.5555555555555556,-9.305796425633991
threshold_regime_filtered_auc_gated,threshold,0.6000000000000001,9.0,-2.101263957526817,0.0,-9.923824370380977,4.183372636786861,0.2222222222222222,45.0,5.0,0.218531686642542,0.04829854747206332,0.5200495243287728,-4.852445726356559,-16.390816860944657,,-0.502289453980065,0.02368947361831327,6.020299095054003e-31,0.5555555555555556,-5.136239817637705
threshold_regime_filtered_auc_gated,threshold,0.6500000000000001,9.0,-0.6132700405001287,0.0,-9.92727184372004,3.6124855399191973,0.3333333333333333,33.0,3.6666666666666665,0.28457188516071463,0.02840280353224676,0.5200495243287728,-3.7335882555177995,-11.566470599101564,,-0.1697640125401986,0.2716126767588254,1.1397220546779377e-20,0.5555555555555556,-2.7883173662256207
threshold_regime_filtered_auc_gated,threshold,0.7000000000000002,9.0,-0.5019260185779115,0.0,-12.132839575900016,4.5388545480039335,0.3333333333333333,19.0,2.111111111111111,0.22169363364331918,0.013818155742831253,0.5200495243287728,-2.4687528631338314,-12.45279418512415,,-0.11058429241770815,0.3586291867291488,7.093831937620512e-17,0.5555555555555556,-3.285924509428934
threshold_regime_filtered_auc_gated,threshold,0.7500000000000002,9.0,0.38487914849088056,0.0,-11.228676065419982,6.034441522354722,0.2222222222222222,13.0,1.4444444444444444,0.25170261836928504,0.006252252029106089,0.5200495243287728,-2.665866956532749,-11.50188236624501,,0.06378040901798242,0.571853360942445,1.2822689883015044e-11,0.5555555555555556,-2.342749082084993
threshold_regime_filtered_auc_gated,threshold,0.8000000000000003,9.0,-0.9364588405067441,0.0,-10.60074317651995,4.170161437320366,0.1111111111111111,4.0,0.4444444444444444,0.1111111111111111,0.0013751375137513752,0.5200495243287728,-2.090307935669872,-11.48628270351012,,-0.2245617716681222,0.23000488719641382,2.0295102124617633e-18,0.5555555555555556,-3.946952997351773
threshold_unfiltered,threshold,0.5,9.0,-13.857419634914455,-16.419914279699945,-31.832284398835846,15.463609619039826,0.2222222222222222,275.0,30.555555555555557,0.3583335824133272,0.24732221894670095,0.5200495243287728,-23.67189874930536,-39.09946630340796,,-0.8961309795257815,0.021481501985630553,3.896728202868001e-14,0.5555555555555556,-33.40394283081753
threshold_unfiltered,threshold,0.55,9.0,-13.662358989094498,-15.29418693401691,-29.03081670389667,14.158790060586702,0.2222222222222222,199.0,22.11111111111111,0.3460892139198795,0.1854088589852077,0.5200495243287728,-20.341734107386646,-34.27129030533705,,-0.9649383125699349,0.025851201718349155,4.86332962303022e-12,0.5555555555555556,-31.610707299328066
threshold_unfiltered,threshold,0.6000000000000001,9.0,-11.372043411525892,-12.316338410777815,-29.995423196617278,11.711399568210215,0.1111111111111111,149.0,16.555555555555557,0.31921201569116264,0.14284641994090566,0.5200495243287728,-16.240295497092095,-33.07948534506724,,-0.9710234327923128,0.0041666923161832745,1.897000234559108e-20,0.5555555555555556,-27.726362701267085
threshold_unfiltered,threshold,0.6500000000000001,9.0,-9.02552510807724,-6.156651720539253,-32.33835737429708,10.923253184031385,0.1111111111111111,110.0,12.222222222222221,0.34560439606413845,0.10818349645047676,0.5200495243287728,-13.041771678589443,-35.94845236753562,,-0.8262671345265147,0.0008678394870889153,5.938189625001441e-35,0.5555555555555556,-22.69529570673258
threshold_unfiltered,threshold,0.7000000000000002,9.0,-5.410902408030815,-0.9410262025198108,-26.038055969317554,10.408329515903088,0.1111111111111111,79.0,8.777777777777779,0.2916170385783645,0.0814766736988745,0.5200495243287728,-9.457963618497251,-30.300895597339363,,-0.5198627118562487,0.03311863537460226,1.8492840479914253e-25,0.5555555555555556,-14.704552387624453
threshold_unfiltered,threshold,0.7500000000000002,9.0,-4.24227980200639,-0.46303765118041157,-18.593936017678278,8.126441435458721,0.2222222222222222,67.0,7.444444444444445,0.2922650238926472,0.06444979946278138,0.5200495243287728,-8.258420017718432,-25.925739561167426,,-0.5220341321227919,0.03830990642884297,1.2068541186818337e-23,0.5555555555555556,-10.632828733578716
threshold_unfiltered,threshold,0.8000000000000003,9.0,-3.9355494101486204,0.0,-13.866804248358086,6.810715271932247,0.1111111111111111,46.0,5.111111111111111,0.12411462153594524,0.048322367767448866,0.5200495243287728,-6.74474772985832,-20.67873901096453,,-0.5778467096352535,0.029108150553983497,5.481889599250306e-23,0.5555555555555556,-8.824490766891016
threshold_unfiltered_auc_gated,threshold,0.5,9.0,-5.525791512655024,0.0,-31.832284398835846,12.579911607288576,0.1111111111111111,137.0,15.222222222222221,0.19628419454702983,0.12983766085367573,0.5200495243287728,-11.167741377298858,-39.09946630340796,,-0.4392551939278714,0.06296625977280014,1.4463735883350113e-23,0.5555555555555556,-16.28068577241831
threshold_unfiltered_auc_gated,threshold,0.55,9.0,-5.567416125061702,0.0,-29.03081670389667,11.832014472989119,0.1111111111111111,102.0,11.333333333333334,0.19911673556923362,0.09504874764004746,0.5200495243287728,-9.657954287902255,-34.27129030533705,,-0.47053831262388646,0.0687346470689619,4.460135591602599e-20,0.5555555555555556,-15.423432402923003
threshold_unfiltered_auc_gated,threshold,0.6000000000000001,9.0,-3.511632301399949,0.0,-14.473454766118858,6.673395167827997,0.1111111111111111,73.0,8.11111111111111,0.20112100547154743,0.06395627363127615,0.5200495243287728,-6.734986689547191,-19.34713942676578,,-0.5262137507350529,0.0553095831021385,2.5360786156900955e-19,0.5555555555555556,-8.465503396460164
threshold_unfiltered_auc_gated,threshold,0.6500000000000001,9.0,-2.282469356955586,0.0,-11.599355395679334,4.697849445540781,0.1111111111111111,51.0,5.666666666666667,0.258406168143071,0.035558511369078394,0.5200495243287728,-5.403721477619754,-18.263322852164055,,-0.48585408779374906,0.0471302136367611,9.022952960065764e-24,0.5555555555555556,-6.04028791776487
threshold_unfiltered_auc_gated,threshold,0.7000000000000002,9.0,-0.7400770604067399,0.0,-12.132839575900016,5.0710023755070655,0.1111111111111111,29.0,3.2222222222222223,0.20236091069424403,0.015322192457407584,0.5200495243287728,-3.3423074671682835,-12.45279418512415,,-0.14594295281369046,0.32995562747331236,6.055536914707973e-15,0.5555555555555556,-4.158904071089645
threshold_unfiltered_auc_gated,threshold,0.7500000000000002,9.0,-0.397476005751212,0.0,-11.228676065419982,4.508714942986457,0.2222222222222222,17.0,1.8888888888888888,0.22418939085605752,0.0070773345373569135,0.5200495243287728,-2.8862556443233296,-11.50188236624501,,-0.08815727114651743,0.39371037603531417,1.0045805123933969e-14,0.5555555555555556,-3.099958561337719
threshold_unfiltered_auc_gated,threshold,0.8000000000000003,9.0,-0.939771179266764,0.0,-10.60074317651995,4.164772429209632,0.1111111111111111,4.0,0.4444444444444444,0.05314009661835749,0.0015126512651265126,0.5200495243287728,-2.270847512502968,-11.48628270351012,,-0.22564766628680083,0.22847128832479008,1.6876256858235903e-18,0.5555555555555556,-3.9519852818273566
topk_regime_confidence_filtered,top_k_fraction,0.03,9.0,-0.48777192914686274,2.0095614720797133,-11.804221924240096,7.0133839935469755,0.5555555555555556,31.0,3.4444444444444446,0.42797665297665294,0.009291285624870737,0.5200495243287728,-5.283858515916425,-11.95460895463032,,-0.06954872706180959,0.42175643592005,9.228676353503318e-13,0.5555555555555556,-2.232768689599794
topk_regime_confidence_filtered,top_k_fraction,0.05,9.0,-1.4630534365622354,-0.5285845999995672,-12.132824538780005,8.284831615227901,0.3333333333333333,42.0,4.666666666666667,0.44688231019148894,0.01640314936968153,0.5200495243287728,-6.794365248160632,-12.452779202759467,,-0.17659422719866458,0.3143346700060028,6.658937577031608e-13,0.5555555555555556,-5.536423768383325
topk_regime_confidence_filtered,top_k_fraction,0.075,9.0,-1.6737071641978862,-1.3315988374804761,-14.525452035758974,7.969073909585731,0.4444444444444444,48.0,5.333333333333333,0.41653635972143865,0.022743528642609766,0.5200495243287728,-7.187459089640782,-14.802370588166147,,-0.21002530321429702,0.26959841092159414,8.734023435606497e-15,0.5555555555555556,-6.535052358542196
topk_regime_confidence_filtered,top_k_fraction,0.1,9.0,-0.640189062113729,0.6845969774406399,-14.970937964059203,7.891940058919568,0.5555555555555556,65.0,7.222222222222222,0.4195608029812795,0.030691607510750014,0.5200495243287728,-7.876853192218688,-17.277254328601842,,-0.0811193518113685,0.40767455496817184,3.4962103151031937e-13,0.5555555555555556,-4.087149858089599
topk_regime_confidence_filtered,top_k_fraction,0.15,9.0,-0.6457034895402253,2.037865746759883,-13.27768106045944,6.941461871071668,0.5555555555555556,77.0,8.555555555555555,0.4076466745269706,0.044247792021073235,0.5200495243287728,-7.782237200756013,-15.629925087999187,,-0.09302125424489834,0.3922819296169559,8.910372838037142e-14,0.5555555555555556,-2.7858813786977703
topk_regime_confidence_filtered_auc_gated,top_k_fraction,0.03,9.0,-0.3426765748178531,0.0,-11.804221924240096,6.089085598089501,0.3333333333333333,16.0,1.7777777777777777,0.299510455431508,0.006806856880939839,0.5200495243287728,-3.0781591041604557,-11.95460895463032,,-0.05627718140887536,0.43632618663839057,1.0147180045188047e-12,0.5555555555555556,-3.2766844154537598
topk_regime_confidence_filtered_auc_gated,top_k_fraction,0.05,9.0,-0.4772718719933943,0.0,-12.132824538780005,6.6582041319939,0.2222222222222222,24.0,2.6666666666666665,0.2766715326437548,0.010700190401276037,0.5200495243287728,-3.877597066553065,-12.452779202759467,,-0.0716817722214335,0.4206741339202158,1.991422786059997e-12,0.5555555555555556,-3.8892363273960204
topk_regime_confidence_filtered_auc_gated,top_k_fraction,0.075,9.0,-0.6560426199490141,0.0,-12.204779873039923,5.032692337344604,0.3333333333333333,26.0,2.888888888888889,0.2571188890294581,0.014856689507577221,0.5200495243287728,-3.8297617185182466,-12.284174574369477,,-0.13035619425429879,0.34048977703330996,5.255839597877462e-16,0.5555555555555556,-3.6177644518118575
topk_regime_confidence_filtered_auc_gated,top_k_fraction,0.1,9.0,1.117622087239666,0.0,-5.273725089700861,3.540843160063406,0.4444444444444444,37.0,4.111111111111111,0.26644412152608876,0.020613672357788007,0.5200495243287728,-3.5334753923869098,-11.565809465483156,,0.3156372752809681,0.8074843317855392,3.927584957286994e-09,0.5555555555555556,1.4178375890413215
topk_regime_confidence_filtered_auc_gated,top_k_fraction,0.15,9.0,0.9584538592354106,0.0,-7.9072190841602605,4.108552472276759,0.4444444444444444,43.0,4.777777777777778,0.24373113536198865,0.028107897149173958,0.5200495243287728,-3.5425656679213704,-11.56597553832064,,0.23328261369491102,0.7183616256555759,3.333358107318584e-08,0.5555555555555556,0.28012321032693976
topk_regime_filtered,top_k_fraction,0.03,9.0,-0.8380420066890806,-1.3315988374804761,-12.427151606059466,8.331788994432506,0.4444444444444444,51.0,5.666666666666667,0.4302640749162288,0.024001722602573092,0.5200495243287728,-7.385212999405949,-14.80246527534569,,-0.10058368103765947,0.3875483556755993,4.687621512519235e-13,0.5555555555555556,-5.029590975310818
topk_regime_filtered,top_k_fraction,0.05,9.0,-0.17515580097381228,3.010548360937446,-11.116111370179716,6.426684966654369,0.6666666666666666,74.0,8.222222222222221,0.4064548330853417,0.037608850813838725,0.5200495243287728,-7.77639023600619,-13.526985511123325,,-0.027254455739254245,0.46891446021157085,1.4438500747338088e-12,0.5555555555555556,-0.784418450952804
topk_regime_filtered,top_k_fraction,0.075,9.0,-2.3300516143400682,-0.1291074886417391,-17.99958924937911,8.785731320630253,0.4444444444444444,93.0,10.333333333333334,0.40032605556073314,0.05486449718795892,0.5200495243287728,-9.611464783282033,-18.362688414731178,,-0.2652086126135848,0.2107431053058033,2.3898350304109626e-16,0.5555555555555556,-7.780560401662782
topk_regime_filtered,top_k_fraction,0.1,9.0,-3.122760339117819,-2.0340197013997,-17.426133759858214,8.466669466045696,0.3333333333333333,105.0,11.666666666666666,0.3986034638910081,0.07261250285801164,0.5200495243287728,-10.33944844682772,-17.976184862457767,,-0.3688298393649569,0.1422348393007643,3.4536048528425495e-16,0.5555555555555556,-9.66183465102545
topk_regime_filtered,top_k_fraction,0.15,9.0,-3.5327498832155957,-3.8544382464796967,-17.605611807598688,9.787576965108977,0.3333333333333333,128.0,14.222222222222221,0.3837416142361805,0.10506350165523407,0.5200495243287728,-12.711815858921163,-20.047052600653103,,-0.3609422327721394,0.17286657896738794,2.1484618881873045e-13,0.5555555555555556,-11.295866375030274
topk_regime_filtered_auc_gated,top_k_fraction,0.03,9.0,0.002433611826533245,0.0,-12.204779873039923,5.9975637776068,0.3333333333333333,26.0,2.888888888888889,0.2689419120773825,0.015697388720475942,0.5200495243287728,-3.8297617185182466,-12.284174574369477,,0.0004057667274201937,0.5004577999923654,4.477987441787075e-12,0.5555555555555556,-2.8805700341703155
topk_regime_filtered_auc_gated,top_k_fraction,0.05,9.0,0.7635042696953581,0.0,-7.9072190841602605,3.8601566796426976,0.4444444444444444,40.0,4.444444444444445,0.2519328485421339,0.02432793048221728,0.5200495243287728,-3.782684106763675,-11.56597553832064,,0.19779100514801623,0.6869433695198385,2.4344749014304424e-08,0.5555555555555556,0.08443602970743153
topk_regime_filtered_auc_gated,top_k_fraction,0.075,9.0,0.2897151873642806,0.0,-17.99958924937911,7.529106046721924,0.4444444444444444,51.0,5.666666666666667,0.22979594149861246,0.0332095844846933,0.5200495243287728,-4.346672443484599,-18.362688414731178,,0.0384793607058329,0.5417280460954268,5.0391656468796346e-11,0.5555555555555556,-4.12011365543006
topk_regime_filtered_auc_gated,top_k_fraction,0.1,9.0,-0.1112488292069204,0.0,-17.426133759858214,7.316519285164928,0.3333333333333333,58.0,6.444444444444445,0.2214936634935365,0.04254445245842489,0.5200495243287728,-4.940532034820055,-17.976184862457767,,-0.015205157653652364,0.4826151516229515,1.6927711107037053e-12,0.5555555555555556,-4.665015120545058
topk_regime_filtered_auc_gated,top_k_fraction,0.15,9.0,0.3287727979240355,0.0,-17.605611807598688,8.136035262418305,0.3333333333333333,75.0,8.333333333333334,0.2142829653715354,0.06161184243737088,0.5200495243287728,-6.086660839160881,-19.150560949009908,,0.0404094607901581,0.544573030466414,2.4643697455616355e-11,0.5555555555555556,-4.350826241906788
topk_unfiltered,top_k_fraction,0.03,9.0,0.04815442070399881,-1.898547896079401,-12.821930192259867,8.170499186976057,0.4444444444444444,103.0,11.444444444444445,0.4014814814814815,0.036631376329267606,0.5200495243287728,-11.100675814986985,-21.035465925792497,,0.0058936938370617205,0.5066456431472948,5.1148608431611174e-12,0.5555555555555556,-4.247046696945859
topk_unfiltered,top_k_fraction,0.05,9.0,-4.837499330233538,-8.030780496798616,-20.575244750279104,10.603492843856907,0.2222222222222222,140.0,15.555555555555555,0.3813333333333333,0.05767597646383618,0.5200495243287728,-13.4298518084182,-27.74041876567389,,-0.456217531474652,0.1383668395832221,3.957073035543618e-12,0.5555555555555556,-15.926395853544092
topk_unfiltered,top_k_fraction,0.075,9.0,-7.42600860746418,-9.316800282839983,-20.356447216239122,9.75164061782125,0.2222222222222222,176.0,19.555555555555557,0.37254901960784315,0.08412612177093039,0.5200495243287728,-16.019018926560307,-30.672522266097737,,-0.7615137696823092,0.056170290895140244,1.815263636840606e-11,0.5555555555555556,-19.05464568111008
topk_unfiltered,top_k_fraction,0.1,9.0,-5.893808075982372,-9.928550575619886,-18.582540516198833,10.210033853103422,0.2222222222222222,198.0,22.0,0.36800000000000005,0.11085998568510741,0.5200495243287728,-16.23389690549753,-28.00143839440804,,-0.5772564675866284,0.13288739235935804,4.1010958500340804e-09,0.5555555555555556,-17.34600771465143
topk_unfiltered,top_k_fraction,0.15,9.0,-10.584088686753269,-10.39631092984015,-25.131359907138766,7.656107050752071,0.1111111111111111,239.0,26.555555555555557,0.3635555555555555,0.16450351859930332,0.5200495243287728,-18.913465894626512,-34.55389255619351,,-1.3824373949569553,0.0011224725105751171,2.451585545558633e-17,0.5555555555555556,-23.754643723902678
topk_unfiltered_auc_gated,top_k_fraction,0.03,9.0,0.7421953592041532,0.0,-5.694605781139262,4.9295099655096335,0.2222222222222222,51.0,5.666666666666667,0.22370370370370368,0.02086873952964092,0.5200495243287728,-5.08465367852538,-15.367546104930764,,0.15056169160770164,0.6756456424351074,3.828255539232689e-12,0.5555555555555556,-0.11809784813192663
topk_unfiltered_auc_gated,top_k_fraction,0.05,9.0,-1.1729988780267695,0.0,-12.043202046480019,7.365986499234045,0.1111111111111111,73.0,8.11111111111111,0.2088888888888889,0.032251621069221054,0.5200495243287728,-6.200682778941009,-17.82873480872117,,-0.15924532011411427,0.33952013769076606,1.1705430276159664e-11,0.5555555555555556,-5.124033516816414
topk_unfiltered_auc_gated,top_k_fraction,0.075,9.0,-2.0466937774489073,0.0,-16.500717362699334,8.166642159591392,0.2222222222222222,93.0,10.333333333333334,0.19786096256684493,0.04572205998424281,0.5200495243287728,-7.451608710320792,-19.712838888846697,,-0.2506163166516545,0.225788305957771,6.211580653482743e-16,0.5555555555555556,-7.317512601661601
topk_unfiltered_auc_gated,top_k_fraction,0.1,9.0,-0.2807202362893638,0.0,-11.693704812437351,7.576270462818836,0.2222222222222222,106.0,11.777777777777779,0.19955555555555557,0.06141652917459571,0.5200495243287728,-7.444944522346806,-21.177430804884146,,-0.037052562691237224,0.45910856737396993,5.647212181811698e-12,0.5555555555555556,-3.7355524758940843
topk_unfiltered_auc_gated,top_k_fraction,0.15,9.0,-3.42522852240708,0.0,-13.750200749480587,5.115928890792763,0.1111111111111111,130.0,14.444444444444445,0.20207407407407407,0.09332124757082609,0.5200495243287728,-8.529891729626959,-21.381337555452472,,-0.6695223087583431,0.0022925139851321264,3.144094200194963e-39,0.5555555555555556,-7.914953682282931
